tag_hash,tag_name,n
0x90dbee9d87d6440c27c601f81cfd9aeb695431649e047fe43e7105512264b578,trust,856
0xf32a9c3077a9b8e2ccb97670cf9722e808c2460acba29dc22f29ebc72c4604f1,liveness,436
0xfb6c6c3c0d5d33f0360426b0b58d3bad994edb94748fa7bd09e73c42d811fb30,quality,417
0xc5d2460186f7233c927e7db2dcc703c0e500b653ca82273b7bfad8045d85a470,,386
0x78e1e3307b96bc9e3a8218e03b133d8df84bb8c7c94a9e8b009203253ba39b29,reachable,268
0xd6be4ef8f6e81499fcacb6176a8acae193c21b062774e32379bf3b823e83bd19,starred,205
0xd2d827af457cf64156642e178a359c554f7e701b96401ee9d0ebe3bcf325a527,responseTime,187
0x0c64da3764320ce6d9d2191635f418a025b0d4357e8329a8d9baf5bf3ff05d5b,helpful,50
0x7aa61f7d41f5fab2b7227198d10b8e1d66c06c49409fec49270e545030a3cdfb,review,21
0xf1e9f0e4224e5a98aaf35bb8f2017fcf1d1229d1516f638400907d50fac1bf99,Helpful,17
0x52bbdfa15e62c39082fe3285f8a586fcfbf49024106a032b3bc774d6ffdd876d,health-check,13
0xd68a06d1c30622ddca0c9e289a7228d6719cfbf73352f467b93b2110d32342d6,successRate,13
0x771fd43594782a3e23ed017f82ae16672751ca52a84a89b59b20c9b9e6422107,fast,12
0x263162b25514e5a51281ed4797f756b2d887d119c9c0f797e00e588b50363fc6,x402,10
0x3aa1943dff194b3dce76aa53de592f0d34ccad6ff40cf4b863e7ced200a520ee,useful,9
0xa8dae9b555011d119186698e9c3ac10ea4db14c9780aa0d040dd47e9bfc6f41f,Good,9
0x36a6e212ba33011567af160e4533b46661b3b9cf6ae6d98a38004bb91bf4525d,good,8
0x4791842ce84ccc7d10d0853acd8f7b1f840441baa84021c0ed96c2a604da90ac,Reliable,7
0x82691774c60aa33ce2325a6a3b47912cef6f9277bb53f87bd2527ef06f75456b,defai,6
0x494c88c9064b5e5e4d1f19bd01b94f2d545c5156fb4d64d658df6f84c75deede,gud tek,6
0xb5b034ef27d26dc2d6453b54db3529f10903e1c1638cca8acf3aace9fe24e6bc,Intelligent,5
0xeea8d3c6796b1d78edf75282b5762b3b7ff056c6a0641d45b009595167b0c714,smart,5
0x5d4b9706802c4ff6e09a72cd6c4ef8b90e55ff77fa7588d0ecf947660bccb4d3,Useful,5
0xf7c70ae48037b62075a2f856fd4ec90e66d086cf2b29a696d90d4273e8c82ab8,Fast,5
0x5c21cd782af5263d8a151a8868accd9e411a723a91d764bc988dec7eda2e86ce,reliable,5
0xb4ae6dd27f9e60a4bb4ee574bf277a78c983107807641dc265a12b271b067d64,satisfaction,4
0x9d07e42ddd2e08300f63f7ed9bc3f205cc399aa1c1519e49bdf5a45b117fb2dc,Gekko,4
0x8ca84c05e743ec4aa81b7149831bbc822389ff48eadb040bb205a5747b0330de,lido,4
0x08030e71665ed68c05a89d5970bbea7f25de43341480c9169469e06d33186249,reliability,4
0x35ee8dadf0d1a7b859205efdfb1aba869af3662ae7aa39d60ae5e13cd9bb835d,excellence,4
0x1280a9a25ec8be698522de1ed3132d0f5f6a5bcc5bbee77d6b79247ef90f6996,nice,4
0xbc3ae4aa92cf6c6fcb2b96d04979a3e41c27daa380f807f10cd06e610f58823e,privacy,3
0x35ccb746f3dcf97034ffb4bf44c17ad8966544874bd2060e3fb3cb6c69d1893c,experience,3
0x55068e2a7424b20944fc71375d065404a74cf39305e71ae340a473fec1253317,infrastructure,3
0xb159f8275310fe7c62e248abc0b7efee4f4359fd22bddc61bfe74ca56c703ccf,early-adopter,3
0xbf438b4ebde0e5c6dc02f1c0a81678ee4b273a9a1c130b7ec69068311c1d2650,Excellent,3
0x796e62cf4533e705a79577a8fefccf391ba7ee7e6c5de892cf0c3633e0f5697a,service,3
0xbcc8acaad6f81805673bdd7232014bcea368c964127c3c7fa373c10f21b739a9,rating,3
0x95e6061180ac883cc5b9ab03b72ab6f1eeb616da2bcea7dc705f9ab9ff422d3a,trusted,2
0x5692641ae4796aec8ff4108a4526a5770e1e8dcb892afb48caa71fdd83299012,uh oh,2
0x433f4f6535cc950533672bb5f30d4754c94a29536125f427e78083910e596dfe,overall,2
0x356250a37e7b79ef3e2fe3277f6474c0525db5da262fe508599c7b0d71c99b35,inactive,2
0xfbd48ce6a90a8e8ae8fb90dc768499accb7c03c6127003e882a3b3af28cd8fa8,uptime,2
0x5950ebe73a617667a66f67d525282c827c82ef4d89ae8dcd8336d013773b6b7f,YES,2
0x32f461618c9b777e467cf9a5ebbac8fe18812b0898cf258634ad8ded72efa178,Accurate,2
0x938da0d63c56b2c33291af061f022878848ece9fd0c597ba7149c7d8326b2dd0,Ez use,2
0x99dfee90d0e9dbb25c5dfc9e0c92fce5c9fe55cbf39a49e088dce17168f035f6,efficient,2
0x9d3d79c119691e587b2d63e80995b021c1c2689a47cf84df96287bb255ccc527,Professional,2
0xb89a957a99eb1baa5c3deebe1ee51846b03210b9b399fd6ee372a9110be9463a,nhanh,2
0xd81983b98d4dd78480c5914dce9d1e308f403d97b78370f9876cf3c867904c84,vibe trading,2
0x1dd9f6a7e7aa8ee4577366862dacd6b4990205d28e553ee709ff9677e969951f,accurate,2
0xd438bbfd2c1fa7ae831f2359bd63701720b4b1d867df808f28a06387f546b814,gamechanger,2
0xa15c11f09f9b6bc281236952006b2c9ae872af659b01f0a4cb636d411de39a1d,behavior,2
0x2e128534ffabfbe691ededec45c9f45e95c5e56989fc1bb618b8b80a998f6640,ownerVerified,2
0xd593f87321ddbb1518f15d772afc1480754a790861beafcedf56d27743e2f2c3,Analytical,2
0xe298707865dc9cb9ed0f5d99533d29d03565c6187b7044f2520571b431068a68,Automatic,2
0x94c47375429ec2ee52581f6b5ae5c75bb6a9a017eed4a1fd1a10d4e702fa9af0,pure alpha,2
0xa9f4f2ea3ec5dad9208cffceccc849b64d0affef64a2a0514f69303eaae5a827,best ai,2
0xe63dc98f63bbf2edc84c5e4d00d9715224fade099eb1d37bef0be5478952ea35,performance,2
0xb97736c8d796f237d6cea6fcf3f5a2e7c5950dfcba16d89da0160eb0511b8fee,Smart,2
0x4920577c79c3da44c0b764bd662c118d8c08e36828035d5784a89942c45b154d,interesting,1
0xdc2c8429bc324566212013b0524e3e846f7b523c199119aeb1bcd3829980bef9,erc-8004,1
0x8aca9664752dbae36135fd0956c956fc4a370feeac67485b49bcd4b99608ae41,hola,1
0xc96db5b654d4f7f35fdc9248b4a670a5b8587186d34f7612152534fc587474b4,Liquidity pools,1
0xa0a4f2d90075986752c5125e47313196e635c1890a9f02b8a9a1e1021a9fa512,based,1
0x906f4bd26db04205451741914e3591af122a9ecb412fd5a0a8e0146b48a9d4c6,web3,1
0x0e064d90f894c7acad784736594d53cc7d077b6cb2ef12639a2d209e7b3a3471,AI DeFi,1
0x11f1efd0825aa3c737ce7a3831438f918cc83545afbed69e69fddee7e6fd5811,genesis,1
0x5802f6cb6a8bdbe0204d6c66324b68cf9295a374b94261674e8d2e4a11d53ad5,stable,1
0xf1108305c3a43ce1b02f776cc479c9d3020f2426bca4ccca1e188cc0c3364bcb,AI agents need,1
0xc41fe403d50d5a1e927b4f5e76b6cd700d51dfb744ff72b8562b9017768dcbcf,Great UI/UX,1
0x3f627fd8e1c60714e3c5a52c7ce1141560656c60dd8fe0bf6638bd52ee4d3dd0,HELPFUL,1
0x6a8541b3cacc0e89126404a9ee179859eaadb431fb042b8b70685f19183c87d6,🇺🇸,1
0x7122359f8fa711f889ae0cca0b337a959f4075f18e6d50e97fc22c0beeb0fc94,mcp,1
0x9c1dd269a7c16438cb3ab7c56677199d7ac2c3b23e0fb409f4b4286781b32ea4,spongebut,1
0x28a21bdd486430096e2ce3f7e923bec6f1e42bdf6e6c6a8f0e5eecf790c5e157,revenues,1
0x727582d505560140ce3a86c49347f396f9cf430b4f1443375d2071ca10ab9754,secure,1
0x3357f276b834114aeea80f8294805a663cda6771697b9f0b8ced721212743e1e,transparency,1
0x95f7801c97b17401c2c5a5b8fdb4f956cc377f647e35794f5b5da6aed60cd40d,research,1
0xbae919b466454e3a8a9b9564de1e3ceab9228bc864ee1dcd942a06534b9e655d,Smartest fin AI,1
0xf4307956d9a7bce28e4d06a843f2314d83571b62ea0449299e8333f15f247049,prominent,1
0xb47d2d379c9e2b6208371e3f1cc0d488acb0ac9aeb1e15fadb5f085a9dd6f944,Chat,1
0x44e044a4c3846ae767eb7b4ca1c06f955a682db2a27348c253eca5a62d055cf8,memory,1
0x75169987d3a44067a59a81123629bb2d1cedb020d7b6680ae300e94f1d632f5e,autopilot,1
0xf5671c7ba2a65968e91b62f9fd74c01d70c68d4155e10616f66654baa62df208,football,1
0x99f30275ab70dd1890c0789c4570632b6f0b0284d11c2d9e587d0368f7027018,open,1
0xdb505f02519ce27b30a3818f135dbf872f8baf702d173180d2bb84afb8e3a9d0,User-friendly,1
0x8073141a561e09479b1854543171cf851c62c45e957ab2bf19faaee32a77bff6,Cheap,1
0x9e0d771b061a47b78282674a30d48ff21ebee607f498cb1bf644c69f8c43cc09,great,1
0xfdb510f44d844b46cd1744c61736f855993c81f3f07511b9d785a0701f574e9b,expecting,1
0x7c13c718f2166ffb5a40117ed95c445804369557a818bab5f163c7a0a95a4de5,trading,1
0x678c189fde5058554d934d6af17e41750fa2a94b61371c5ea958a7595e146324,cool,1
0x9291c9a09ed69dba8000d2fe2b5b7dcb2f75f1c31c2f3ae8b97d6b704d10f1fa,transparent,1
0x29d2e14f2b9c1485aefaeaa5905bceed809d274fba2787d9969f5653a910b2c4,Fast analysis,1
0x87ef372fa0bc18c38f3c64ff4da209c8dac3db34cdaf2b35aa10008cbe46579f,defi,1
0x86c9a49a0aba0038db7870c9a3726b70b1c4ce86d082878fc460e03a62583260,Alpha packed,1
0x70d7118e706a434d3e1ec2b336fc88fab4a1fbc085ccb067147cd44b4b23cedf,usefull,1
0xd95ad6ec74b993d119302fb06dfe942c201bf5e3794b8cc36e5b8006ff52617b,innovative,1
0xf6e6bd44fb67ae3030324c8dcddefe1563ff1a7b50e2c916abde585a2cd11f66,skam,1
0xa8ba32b34f0fb9604bea271885a9caefe99cfe99b68f14867a03ff4a051358b7,Web3,1
0x0154d724a60e4f1ec0235ff76b323b111f9b9094cb1df9d5696d8b63da3cca35,Jesus,1
0x3b78a1eca8c13ec1017bacd4fcddd637694098e65e14d5c9cb41919baeb2c0da,All-in-one,1
0xed7de2bc7f17c7f8d47d8649048f438ad4d5a5e9408d7c210ff39baf2eae74f2,smooth research,1
0x189934d46021b1215508322a3ac87b1a92a8aa829f8712f14486f7d2e8bb0e19,⭐️⭐️⭐️⭐️⭐️,1
0x90d2b2b7fb7599eebb6e7a32980857d84322f03833fd99fb20e930234b172278,smooth,1
0x9d4072172d80b5da74ec2c95073013e27e022238d7cd15b74d366bb8f01a2cc9,Defi,1
0xdb19a8ac532f34227391dc0ebb4eba00303342efb6247294448c7328a32af8d7,Agent,1
0x819b38470aa7a39e6c838d3290af2081abed98e6949328508598def46c4ec775,Autopilot,1
0x27bdac11d27737d363759b4a9efb3465e5cfaab97eeee8edc45ee5265240e9d0,outstanding,1
0xaaff8db9d0075498f192ae0ec43d6fe21a69fd8e7b121b5ae8b9ec569c9fab8a,task,1
0x5a238724f4923a504a7bc7b1da49b8ad37187664eb292980fef19a3441928b2c,General,1
0xd9618c1b82aac0a7e968779c5a57364f274a8ba16ef18cf3df42a610c2c5bb0d,"helpful,",1
0x16670ca66adef3714742563ad0c7475358e93ae23ee6adb1f8a5c0dce6ae88a3,bad,1
0x4e8a98b2fc53f67d97786111f808b68a886c4487149ab93b7defcb7a65226eec,Easy to use,1
0xea92b2574e1097274ccd7f8d3fdda1e28ebe7840de880387b67171f7c90e581f,Powerful,1
0x7876765697b67ef92ea049557e63bf2e2e65bbccace3318b91b901e293c1946d,unique,1
0xba32ef2b13e74be2dccf172943b24843c08cfaa2bf731a3c2da9e96fa3ea0cc3,solid,1
0x0825203969ee8c01895e26a522db220e9541acc7b27e3cb4a1a9317cb0c30bfb,help,1
0x2234c3da212ea4607689088fdadd4a5055a275dff992a4af1e01798a0e554a50,analytical,1
0xbfdb9b1a60f06d1f35e2be585226e6c72818fcdb3933b0f330c766131ac052a7,Efficient,1
0xd7a861eff7c9242c2fc79148cdb44128460adae80afe1ba79c2d1eae290fb883,Bot,1
0x8378e1cbfc881770aa0d59e1997a6192d0b2df5bc097981ab8ff39f15c178cce,Skillful,1
0x987008e4a77f52e55e078bb93f0b11628ac301add423ccef038534257cd4b14c,GameChanger,1
0x52f0a02306092e6cd7bc98339de392856038ff70ab1646fbac61a53cf9f539c0,Minara AI,1
0xc318ae71df18dafd8fbd063284586ea242aa3d51bc2950f71d70d7fc205b875f,safe,1
0x5082dc02753f5c83c67925c7a738ff8209c41f06d117c4f60de7a97b9f095c06,👍🏽,1
0x1c895a73ce150f28a7dc690be6893de67b88200120cc816d1cf7c12380fa5574,Best rates,1
0x64eeb8567ad496f244c24c274bb1c2f12e4b32f933bab58a456cb5a5864dc58d,wow,1
0x4967b9715a7f3168d0dda4e26075c13c27d00f44045d277dec911225aa366cf0,ecosystem-builder,1
0x74275b2f50967232835f2c30dbb5fd8015ace83fd38a36ed0f66822dd234bc00,User Friendly,1
0x0adeed4d21ecfbae80474584f18901e9519a3c4aa3421cc18fe188911d9a0fc7,good-value,1
0x221b409905c356b4a77d86baa66caeee9f3cc7c8867c375814254932330ef78a,Minara,1
0xf66494dcc1f75a779961a5e1e042022f740297f85ecacf57ab91f3e099338a38,okay,1
0x9364a1fe5cf4523264f9d77d5ab562640e967f9f17a552647f787747d93245f4,Thrustworthy,1
0x09f569decb59b9f1f1127bd2d6f402fccaebe9218e7848646c616a64d58eb5ff,🔥,1
0x04303d208873c9cf3cd1c57aa5e93b08deea065a8a33239a649a370e74569b70,Fastest,1
0x0dc8618f4925c4319195a39ada16304f511bf885ff9f3d63bc6b0f3979e46fb6,Yield,1
0x9bfe7c3f853ba8a627da4aff419ace350d6e8cf05806e0d4fe5c85bee79e500c,USEFUL,1
0x32f48f6fa6ad9bba859a3d06674b5bb6c2dc270f98c819cd1ff5fc2f981c2fbd,Creative,1
0x21f2ab76dc73ad946664fd9d552a1cf66eb05208e4b94894a07d65fd3b66fbd5,pretty,1
0x78dda996de494b599fdb66c8365826df9b80d101d1cea931b5fa3753fca7ab85,AI,1
0x717d210d791698d0b2671b68512ee2f92cfc0cb753d93db10704c211f7fda7dd,Awesome,1
0xc1b18074763009662c7ddd5b5439dc724b1e622f8d76f1b95ccd235bd426b57e,Advanced,1
0x63608faae6311ef53110180034271a9b97988ebe924a609749732bc2f158407b,Trust,1
0xb0863a3cf686da9a0e3b93d49505e782f588c060f503097bc7aed080addce7c6,powerfull,1
0x092396984f546a06605b48a4d5be145293a100e3e27a0b09b4501a315243914e,Great,1
0x7b2c2e816dfc5d1559e45a2b4339619af7e307ae95080925037adf7614218a3a,AI Agent,1
0xb3128d78ab1fc431bb6cc3c448517a081986f8dfc77f4ce757df275c8c87beee,Innovation,1
0xd248f46e93d8c18350b005a2f8f2002e3c3331ed7204d82938f5fc5b0008941c,best,1
0xe455bf8ea6e7463a1046a0b52804526e119b4bf5136279614e0b1e8e296a4e2d,6,1
0xb126d82eb3261515f478c495d152d01425c0b2efa0a1ac1715bb26c2755b65cb,erc8004,1
0x69b4fc4359ff162777ccca3cb17e815b14d594e11a238208f019e829c3d7e127,Wonderful,1
0x10c1a0687cadb29f7db72d491c71db72cd8021122c5fe54c852561c43559b1f8,standards-compliant,1
0x61302892da8ee53f8f00227f87f2034628ee0062c55ad49a64f2f402fc3e1601,ay ay capt,1
0xbb6665a196c2385e547c13a9f01e67a963fab9656d3dd7b57ccf50fedf7c668a,nixon,1
0xf1c9bcc5752cdd3796e88cc2efd991b8da8ed77daafe68c1f751c05f43f37e2d,good agent,1
0xc3e6fb7b49f08db45dac5e761168705523bdaa57c83dcf578800d29bf1cfa7b1,GEKKO,1
0xba41ba027b1930fc30ee45c920bb021b121d14fa160a1bf4e23edb0fb84c5312,🔥🔥,1
0xda89e723a2568898bda8ebde56af45bab7282c0dc2d089fb0552eafbdfce1ec6,convenient to us,1
0x45c320ec3962cf39f493521b96ae217cc599551db8566ef7483ff42a8b747bad,gas-efficient,1
0x38946dd5eacb8751dce6554049729f3ccef558597d3be5aa87ea35241b3d20d9,Future,1
0x3bd35fa7859b414abc976bc1f843b6eb41bdc7c69499dfab80af2a282bb2cbeb,🤓,1
0xc1e54a6a004cc373005ad3e2cbc0286c0ff14ad21d8c0656a3c35c0d27fd5027,Zero stress,1
0x81afeeaff0ed5cee7d05a21078399c2f56226b0cd5657062500cef4c4e736f85,value,1
0x420fc4525f501b516393157b91ece905747f8c8e8ef21c4b69ec7865abd3c33d,Nice,1
0x46a31f1f917570aa8a60b2339f1a0469cbce2feb53c705746446981548845b3b,wallet,1
0x9c16d1e3dd58257d754e80f467c71bfdf4617c0e5c33f5f24c460a0547acd33e,Deep Research,1
0xd08ac36f519ee359a2a193611e1643e0d2c9d4ad9631f683fccd3b4a13a5b717,creative,1
0x012a098ca8035c7e66caab9bf3db0d3750f77418e94d994abaef7ade860058b9,insightful,1
0x51103604ff7afe2ed2bbf6887fac16b6419ccfb08001daf703bbb398f2ed01c2,BEAUTIFUL,1
0x3a5055d32a4e4f382c7c816b495364f339a6ce52c2a1e6e65de50a184ca87d86,excellent,1
0xfc56d60e2673ff4d0153a38470f3eee3bd706beb27296af9527af376772d03ec,accuracy,1
0xddcbc2f3cd78fe18022ddc814d17d15cf9b6233e57a7d34f0b059ed049ad5014,ai,1
0xc569c27f16bcd6d6d4d3bff420faf45017d305e5247ebb8fb81aa294980d1b04,composable,1
0x5761b13dc06b68b49d7279eec5b51885f5496cf4b6e732a0830a543c3e6832d2,engagement,1
0x1dda021d0a424dcb3ec1956b8a8242f8517d0e52c486bd98f6f2494e0b453723,bold,1
0xa2585967a8d8a501ea4c4248fcbdf1f398a29fae4017610b3c0269fa7dbffb82,good1,1
0x9dca89c4d8c19c2dcaae1a6e065068b4acf00f4e1f7b140e55b616dae9a77001,Smooth,1
0xfb28659422c3d7a4a4fb3c93104d9fe03613bc8d0f3aaa4d04d81340296ea674,Precise,1
0xd1eb98790041f9e0dad71877a3893600124f30411613ba708dca93aa2e865150,Accuracy,1
0xa46a54eb9a2f7fe3d78a9f042e198ec63a1edd7bd8464a3445bc56aa59aca58d,easy for anybody,1
0xed2cc33b0587afe42a04579d79c23b72b25c5416efcb50c674f3f59e2db9cce6,💎,1
0x48af3a50ab738b06dc284b0830ed6a8994cf3c521fce57f1735c08118c416733,Yap,1